longitude,latitude,Altitude,Precipitation,Average Temperature,pH,TN,SOC,Large-leaved variety,Medium-leaved variety,small-leaved variety,mineral fertilizer,organic fertilizer,controlled-released fertilizer,mix fertilizer,N quantity,P2O5 quantity,K2O quantity,organic fertilizer,Yield
119.57,27.21,62,1699.5,17.16,4.85,0.3,0.37,0,1,0,1,0,0,0,3.5955,4.794,9.588,0,319.6
119.43,32.53,7,1204,16,4.4,0.6,1.43,0,1,0,1,0,0,0,0.25265454,0.03550825,0.1472874,0,8.21
113.33,28.58,105,1330,17.5,6.3,1.13,1.32,1,0,0,0,0,1,0,10.8,0,0,0,240
118.03,25.4,451,1431,20.22,3.82,1.2,3.97,0,1,0,0,1,0,0,0,0,0,0.001455463,515.3
119.17,35.3,125,868.1,23.6,5.41,1.12,1.25,0,1,0,0,0,0,1,4.0701,1.22103,2.84907,0.000552812,271.34
88.24,26.88,100,2000,13,4.86,0.85,1.78,1,0,0,1,0,0,0,1.3056494,0.3046912,0.2475616,0,119.02
113.78,23.16,0,1580.2,22.48,5.7,0.45,0.68,1,0,0,1,0,0,0,11.31,11.31,11.31,0,754
120.52,29.74,484,1466.2,17.83,3.66,2.72,2.35,0,1,0,1,0,0,0,26.2827,9.55755784,5.29976044,0,584.06
116.78,23.81,245,1475.9,21.4,4.31,1.14,1.98,0,1,0,1,0,0,0,10.8324,2.9264,3.9176,0,236
120.52,29.74,484,1354.4,17.65,3.66,2.72,2.35,0,1,0,0,0,1,0,17.06895,2.844825,3.41379,0,379.31
119.95,28.44,74,1824.8,18.3,4.16,0.5,1.15,0,1,0,0,0,0,1,5.049306,3.046995,3.046995,0.00387677,96.73
119.36,28.56,372,870.55,17.84,4.31,1.26,1.68,0,1,0,1,0,0,0,1.23604038,0.405807,0.6492912,0,79.57
103.63,30.35,486,1215,13.4,3.8,0.8,1.43,0,1,0,1,0,0,0,21.18843628,1.68854014,7.78981424,0,589.78
103.86,30.71,530,1000,16,6.3,1.4,1.43,0,1,0,1,0,0,0,2.1846,0.5958,0.5958,0,198.6
118.43,26.63,701,1660,19.3,4.53,0.57,1.37,0,1,0,0,0,0,0,0,0,0,0,132.83
119.95,28.44,74,1824.8,18.3,4.16,0.5,1.15,0,1,0,0,0,0,1,5.865714,3.539655,3.539655,0.006674379,112.37
119.38,28.52,167,1650,17.7,3.6,2.83,3.83,0,1,0,0,0,0,0,0,0,0,0,56.56
119.17,35.3,125,865.1,20.6,5.41,1.12,1.25,0,1,0,0,1,0,0,0,0,0,0.001268875,236.43
113.33,28.58,105,1330,17.5,4.16,0.77,0.98,1,0,0,1,0,0,0,6.73965,0,0,0,149.77
116.78,23.81,245,1475.9,21.4,4.31,1.14,1.98,0,1,0,1,0,0,0,12.37005,3.3418,4.4737,0,269.5
119.38,28.58,186,1648,18.11,4.31,1.26,1.68,0,1,0,1,0,0,0,2.01507048,0.661572,1.0585152,0,129.72
113.08,28.25,450,1389,16.5,4.8,0.88,0.84,0,1,0,1,0,0,0,17.0217,2.2298427,1.9688433,0,189.13
88.24,26.88,100,2000,13,4.86,0.85,1.78,1,0,0,1,0,0,0,0.08249472,0.0405108,0.055242,0,92.07
109.72,32.24,600,1160.1,14.35,4.8,0.88,0.84,0,1,0,1,0,0,0,12.02174325,0,0,0,148.83
119.17,35.3,125,857.1,12.6,5.38,1.01,1.05,0,1,0,1,0,0,0,7.0335,2.11005,4.92345,0,234.45
100.98,22.8,1302,1868.6,19.01,6.3,1.02,0.37,1,0,0,0,0,0,0,0,0,0,0,325.25
114.92,31.95,72,862.65,16.41,5.2,1.84,1.88,0,1,0,0,0,0,1,5.594309,0,0,0,371
119.83,35.82,1139,697.3,14.28,6.3,3.05,1.72,0,1,0,1,0,0,0,197.055375,49.069125,72.435375,0,207.7
107.09,26.22,1100,1265.4,15.59,4.63,0.98,2.42,0,1,0,0,0,1,0,33.38988,4.7028,7.0542,0,979.75
100.33,22.13,1112,1400,18.9,5.52,0.95,1.2,1,0,0,0,1,0,0,0,0,0,2.58332E-05,129.02
88.24,26.88,100,2000,13,4.86,0.85,1.78,1,0,0,0,0,0,0,0,0,0,0,79.72
113.78,23.16,0,1580.2,22.48,5.7,0.45,0.68,1,0,0,0,0,0,0,0,0,0,0,144.6
100.34,22.18,1100,1341,18.5,4.11,2.39,5.51,1,0,0,1,0,0,0,6.76095,4.4274564,4.4274564,0,193.17
116.78,23.81,245,1475.9,21.4,4.31,1.14,1.98,0,1,0,1,0,0,0,13.1328,4.4032,5.504,0,256
119.57,27.21,62,1699.5,17.16,4.85,0.3,0.37,0,1,0,1,0,0,0,16.00785,5.33595,10.6719,0,355.73
119.38,28.58,186,1648,18.11,4.31,1.26,1.68,0,1,0,1,0,0,0,1.4050503,0.461295,0.738072,0,90.45
119.58,27.22,111,1876.1,17.02,5.3,1.13,3.2,1,0,0,0,0,0,1,0.573183,0,0,0.001805706,166.14
88.24,26.88,100,2000,13,4.86,0.85,1.78,1,0,0,1,0,0,0,0.5516901,0.1286272,0.1045096,0,100.49
119.36,28.56,372,1484,17.71,4.31,1.26,1.68,0,1,0,1,0,0,0,2.98439208,0.979812,1.5676992,0,192.12
118.55,25.62,600,1800,18,3.38,3.69,5.92,0,1,0,0,1,0,0,0,0,0,0.005612372,320.72
120.68,29.93,74,1461,16.4,5.5,1.7,2.75,0,1,0,1,0,0,0,0,1.65664,2.0708,0,207.08
118,25.01,230,1800,17,3.91,1.39,1.05,0,1,0,1,0,0,0,0,2.4582375,4.916475,0,218.51
106.79,22.33,332,1509.8,17.27,3.87,1.31,1.03,0,1,0,0,0,0,0,0,0,0,0,181.14
119.36,28.56,372,1484,17.71,4.31,1.26,1.68,0,1,0,1,0,0,0,6.13934748,2.015622,3.2249952,0,197.61
100.98,22.8,1302,1868.6,19.01,5.9,1.02,0.37,1,0,0,1,0,0,0,18.80856,7.8369,6.26952,0,522.46
113.33,28.46,55,1596.77,18.15,4.72,1.05,1.24,0,1,0,1,0,0,0,2.14216002,0.45903429,0.45903429,0,118.89
119.17,28.98,65,1839.8,18.24,4.67,2.89,4.89,0,1,0,0,0,0,0,#VALUE!,#VALUE!,#VALUE!,#VALUE!,NaN
100.98,22.787,1320,1514,17.7,5.04,1.04,2,1,0,0,0,0,0,0,0,0,0,0,258.23
113.37,23.15,33,1817.2,22.19,4.19,1.19,1.59,0,1,0,1,0,0,0,4.46715,0,0,0,99.27
119.38,28.58,186,1648,18.11,4.31,1.26,1.68,0,1,0,1,0,0,0,2.74765392,0.902088,1.4433408,0,88.44
119.68,27.63,800,1721,17,4,1,2.03,0,1,0,0,0,0,0,0,0,0,0,260.91
114.92,31.95,72,866.5,16.02,5.2,1.84,1.88,0,1,0,0,0,0,1,2.653904,0,0,0,176
100.45,21.958,1500,1563.2,21.89,5.2,1.4,1.2,1,0,0,0,0,0,1,8.9086608,2.303964,0,0.002109408,213.33
120.68,29.93,74,1461,16.4,5.5,1.7,2.75,0,1,0,1,0,0,0,6.264,1.566,0,0,195.75
109.62,25.79,205,1884.6,17.42,6.8,1.13,1.32,0,1,0,0,0,0,1,2.48535,0.82845,1.1046,0.001357958,184.1
113.78,23.16,0,1580.2,22.48,5.7,0.45,0.68,1,0,0,1,0,0,0,0,0,5.53695,0,369.13
118,25.01,230,1800,17,3.91,1.39,1.05,0,1,0,0,0,0,1,10.87712304,4.06020804,7.06767054,9.81932E-05,267.33
119.37,28.57,195,1484,17.71,4.31,12.6,1.68,0,1,0,1,0,0,0,7.47589284,2.454426,3.9270816,0,240.63
113.31,28.53,50,1330,17.5,6.3,1.13,1.32,1,0,0,0,0,0,0,0,0,0,0,56.15
119.45,31.28,152,1565.9,16.37,5.29,1.72,0.87,0,1,0,1,0,0,0,10.9731375,0.8029125,1.1240775,0,142.74
119.17,28.98,80,1602.6,17.1,4.23,1.09,3.07,0,1,0,1,0,0,0,15.35559075,11.70363825,7.6864905,0,231.87
119.17,35.3,125,864.1,19.6,5.41,1.12,1.25,0,1,0,1,0,0,0,7.0854,2.12609236,4.95978,0,236.18
106.18,29.13,560,1034.9,17.9,3.81,0.68,0.16,0,1,0,1,0,0,0,10.7220308,0,0,0,381.16
119.41,35.45,35,991.3,17,5,1.2,2.02,0,1,0,1,0,0,0,2.216865,0,0,0,211.13
119.83,35.82,1139,697.3,14.28,6.3,3.05,1.72,0,1,0,0,0,0,1,214.038,53.298,78.678,4.43262E-06,225.6
108.16,28.02,970,1336.5,16.24,4.79,0.98,1.49,1,0,0,0,0,1,0,19.1115468,5.340552,8.010828,0,635.78
118.43,26.63,701,1660,19.3,4.53,0.57,1.37,0,1,0,0,0,0,0,0,0,0,0,127.5
120.067,30.22,95,1487.73,17.42,4.4,1.2,1.07,0,1,0,0,1,0,0,0,0,0,0.002808967,262.73
119.17,35.3,125,866.1,21.6,5.41,1.12,1.25,0,1,0,0,0,1,0,7.1649,2.14947,5.01543,0,238.83
116,28.37,39,1630.9,19.2,3.88,1.33,2.27,0,1,0,1,0,0,0,1.15734,2.31468,4.62936,0,385.78
106.79,22.33,332,1509.8,17.27,3.87,1.31,1.03,0,1,0,1,0,0,0,0,0,1.255905,0,186.06
106.98,25.74,1060,1316.9,17.07,4.53,0.57,1.37,0,1,0,0,0,1,0,13.6258974,3.807636,5.711454,0,453.29
100.33,22.13,1112,1400,18.9,5.52,0.95,1.2,1,0,0,1,0,0,0,1.73375685,0.5257602,1.04943405,0,139.09
119.17,35.3,125,867.1,22.6,5.41,1.12,1.25,0,1,0,0,0,0,1,4.05947935,1.21765435,2.841825,0.000554221,270.65
119.37,28.57,195,1484,17.71,4.31,12.6,1.68,0,1,0,1,0,0,0,8.6027292,2.82438,4.519008,0,276.9
118.23,25.44,680,1574.63,18.49,4.4,1.22,2.15,1,0,0,0,0,0,1,0,7.36404,4.602525,0.000488862,613.67
119.17,28.98,80,1602.6,17.1,4.23,1.09,3.07,0,1,0,1,0,0,0,10.2754575,3.4251525,5.87169,0,217.47
113.33,28.58,105,1330,17.5,4.16,0.77,0.98,1,0,0,0,0,1,0,4.270275,0,0,0,189.79
120.067,30.22,95,1488.5,17.42,4.4,1.2,1.07,0,1,0,0,1,0,0,0,0,0,0.002220167,216.2
120.52,29.74,484,1466.2,17.83,3.66,2.72,2.35,0,1,0,0,0,0,0,0,0,0,0,491.52
119.42,35.62,77.8,765.8,13.1,5.11,1.26,1.01,0,1,0,1,0,0,0,5.74212186,1.72306314,4.019715,0,164.07
119.37,28.57,195,1484,17.71,4.31,12.6,1.68,0,1,0,1,0,0,0,3.68823762,1.210893,1.9374288,0,237.43
114.92,31.95,72,866.5,16.02,5.2,1.84,1.88,0,1,0,1,0,0,0,2.655664,0,0,0,176
118,25.01,224,1378.3,19.92,4.2,1.52,1.02,0,1,0,1,0,0,0,16.34763,4.401285,4.401285,0,419.17
116.78,23.81,245,1475.9,21.4,4.31,1.14,1.98,0,1,0,0,0,0,0,0,0,0,0,217.52
88.24,26.88,100,2000,13,4.86,0.85,1.78,1,0,0,1,0,0,0,1.2559965,0.909249,0.1772265,0,102.74
118.3,29.653,178,1477,16.4,5.29,1.72,0.87,1,0,0,0,0,0,1,#VALUE!,#VALUE!,#VALUE!,#VALUE!,NaN
118.3,29.653,178,1477,16.4,5.29,1.72,0.87,1,0,0,0,0,0,1,#VALUE!,#VALUE!,#VALUE!,#VALUE!,NaN
113.08,28.25,450,1389,16.5,4.8,0.88,0.84,0,1,0,0,0,0,1,8.6076,1.12778688,0.99503856,0,191.28
116,28.37,39,1721.95,18.81,3.88,1.33,2.27,0,1,0,1,0,0,0,31.4664,6.7967424,11.4537696,0,524.44
103.86,30.71,530,1000,16,6.8,1.4,1.43,0,1,0,0,0,0,1,1.1187,0.3051,0.3051,0.000983284,203.4
116.78,23.81,245,1475.9,21.4,4.31,1.14,1.98,0,1,0,1,0,0,0,11.88,3.7584,3.8016,0,216
119.36,28.56,372,870.55,17.84,4.31,1.26,1.68,0,1,0,1,0,0,0,1.36372986,0.447729,0.7163664,0,87.79
113.34,28.55,75,1993.6,16.71,4.8,0.88,0.84,0,1,0,0,0,0,1,#VALUE!,#VALUE!,#VALUE!,#VALUE!,NaN
117.92,27.65,235,2057.3,18.28,4.52,1.05,2.27,0,1,0,1,0,0,0,#VALUE!,#VALUE!,#VALUE!,#VALUE!,NaN
120.84,30.09,10,1306.8,17.85,4.73,1.83,4.2,0,1,0,1,0,0,0,2.66067,0.46953,2.03463,0,347.8
109.72,32.32,600,1082.3,14.83,4.1,1.36,0.69,0,1,0,1,0,0,0,11.9563155,0,0,0,148.02
117.93,27.66,524,1971.9,18.72,4.62,1.05,2.27,0,1,0,1,0,0,0,#VALUE!,#VALUE!,#VALUE!,#VALUE!,NaN
119.17,28.98,65,1839.8,18.24,4.67,2.89,4.89,0,1,0,1,0,0,0,#VALUE!,#VALUE!,#VALUE!,#VALUE!,NaN
113.78,23.16,0,1580.2,22.48,5.7,0.45,0.68,1,0,0,1,0,0,0,17.976,4.494,8.988,0,599.2
116,28.37,39,1721.95,18.81,3.88,1.33,2.27,0,1,0,1,0,0,0,1.35468,2.70936,5.41872,0,451.56
119.36,28.56,372,1484,17.71,4.31,1.26,1.68,0,1,0,1,0,0,0,3.76497558,1.236087,1.9777392,0,242.37
119.36,28.56,372,870.55,17.84,4.31,1.26,1.68,0,1,0,1,0,0,0,2.01507048,0.661572,1.0585152,0,129.72
119.38,28.58,186,1648,18.11,4.31,1.26,1.68,0,1,0,1,0,0,0,3.0244698,0.99297,1.588752,0,97.35
100.98,22.8,1302,1868.6,19.01,6.3,1.02,0.37,1,0,0,1,0,0,0,15.85368,5.28456,5.28456,0,440.38
106.79,22.34,135,1265.7,22.83,3.87,1.31,1.03,0,1,0,1,0,0,0,#VALUE!,#VALUE!,#VALUE!,#VALUE!,NaN
116.78,23.81,245,1475.9,21.4,4.31,1.14,1.98,0,1,0,1,0,0,0,15.677568,4.748224,4.9168,0,280.96
109.72,32.24,600,1160.1,14.35,4.8,0.88,0.84,0,1,0,0,0,0,0,0,0,0,0,127.3
106.98,25.74,1060,1316.9,17.07,4.53,0.57,1.37,0,1,0,0,0,1,0,15.1359504,2.131824,3.197736,0,444.13
113.34,28.55,75,1993.6,16.71,4.8,0.88,0.84,0,1,0,0,0,0,0,#VALUE!,#VALUE!,#VALUE!,#VALUE!,NaN
100.98,22.787,1320,1514,17.7,5.04,1.04,2,1,0,0,0,0,0,1,35.484768,8.976384,4.90896,0.000481263,467.52
113.33,28.46,55,1596.77,18.15,4.72,1.05,1.24,0,1,0,1,0,0,0,1.85328,0.84948,0.7722,0,120
113.36,23.16,25,1956.1,22.61,6.3,1.13,1.05,0,1,0,1,0,0,0,16.7139,0,0,0,557.13
119.38,28.58,186,1648,18.11,4.31,1.26,1.68,0,1,0,1,0,0,0,1.23604038,0.405807,0.6492912,0,79.57
120.68,29.93,74,1300,16.4,3.98,0.17,0.28,0,1,0,1,0,0,0,0,0.55944,0.6993,0,69.93
109.72,32.32,600,1082.3,14.83,4.1,1.36,0.69,0,1,0,1,0,0,0,12.40300125,0.8036807,0,0,153.55
119.17,28.98,65,1484,18.21,4.67,2.89,4.89,0,1,0,1,0,0,0,#VALUE!,#VALUE!,#VALUE!,#VALUE!,NaN
113.36,23.16,25,1956.1,22.61,5.2,1.13,1.05,0,1,0,1,0,0,0,1.85295,0,0,0,123.53
119.58,27.22,111,1876.1,17.02,5.2,1.13,3.2,1,0,0,0,1,0,0,0,0,0,0.002082986,180.03
88.24,26.88,100,2000,13,4.86,0.85,1.78,1,0,0,1,0,0,0,0.9862785,0.2306706,0.1864767,0,107.79
113.36,23.16,25,1956.1,22.61,6.3,1.13,1.05,0,1,0,1,0,0,0,3.85695,0,0,0,257.13
116,28.37,39,1780.8,19.3,3.88,1.33,2.27,0,1,0,1,0,0,0,18.4500204,8.3513736,4.146072,0,493.58
119.58,27.22,111,1876.1,17.02,5.2,1.13,3.2,1,0,0,0,1,0,0,0,0,0,0.00177662,168.86
119.83,35.82,1139,697.3,14.28,6.3,3.05,1.72,0,1,0,0,0,0,1,224.85375,55.99125,82.65375,6.32911E-06,237
106.79,22.34,135,1265.7,22.83,3.87,1.31,1.03,0,1,0,1,0,0,0,#VALUE!,#VALUE!,#VALUE!,#VALUE!,NaN
119.58,27.22,111,1876.1,17.02,5.3,1.13,3.2,1,0,0,0,1,0,0,0,0,0,0.001390778,161.78
120.68,29.93,74,1461,16.4,5.5,1.7,2.75,0,1,0,1,0,0,0,7.8272,1.9568,0,0,244.6
119.58,27.22,111,1876.1,17.02,5.2,1.13,3.2,1,0,0,1,0,0,0,1.8889875,1.32229125,1.51119,0,167.91
120.52,29.74,484,1354.4,17.65,3.66,2.72,2.35,0,1,0,1,0,0,0,17.84475,2.974125,3.56895,0,396.55
120.68,29.93,74,1461,16.4,5.5,1.7,2.75,0,1,0,1,0,0,0,5.78816,0,1.8088,0,180.88
120.067,30.22,95,1488.5,17.42,4.4,1.2,1.07,0,1,0,0,1,0,0,0,0,0,0.003408304,216.53
119.37,28.57,195,1484,17.71,4.31,12.6,1.68,0,1,0,1,0,0,0,6.20148348,2.036022,3.2576352,0,199.61
113.37,23.15,33,1817.2,22.19,4.19,1.19,1.59,0,1,0,1,0,0,0,1.49175,0,0,0,99.45
120.68,29.93,74,1300,16.4,3.98,0.17,0.28,0,1,0,1,0,0,0,1.01688,0.67792,0.8474,0,84.74
121.59,29.67,70,1697.8,17.9,4.1,1.67,4.56,0,1,0,0,0,0,1,2.4012,0.8004,0.8004,0.000468516,106.72
113.78,23.16,0,1580.2,22.48,5.7,0.45,0.68,1,0,0,1,0,0,0,13.1121,0,0,0,437.07
116.78,23.81,245,1475.9,21.4,4.31,1.14,1.98,0,1,0,1,0,0,0,12.90249,4.04784,4.10406,0,281.1
117.93,27.66,524,1971.9,18.72,4.62,1.05,2.27,0,1,0,1,0,0,0,#VALUE!,#VALUE!,#VALUE!,#VALUE!,NaN
80.63,8.48,125,2373,25,4.8,0.6,1.46,0,0,1,1,0,0,0,13.66172104,1.82452952,5.07308208,0,505.69
106.79,22.33,332,1509.8,17.27,3.87,1.31,1.03,0,1,0,1,0,0,0,4.3304625,1.732185,0.6351345,0,256.62
113.78,23.16,0,1580.2,22.48,5.7,0.45,0.68,1,0,0,1,0,0,0,17.1861,0,4.296525,0,572.87
113.33,28.58,105,1330,17.5,6.3,1.13,1.32,1,0,0,0,0,1,0,8.604,0,0,0,382.4
121.59,29.67,70,1697.8,17.9,4.1,1.67,4.56,0,1,0,1,0,0,0,4.7025,1.5675,1.5675,0,104.5
118.23,25.44,680,1574.63,18.49,4.4,1.22,2.15,1,0,0,0,0,0,1,18.48609,8.21604,3.286416,0.000438167,684.67
100.34,22.18,1100,1341,18.5,4.11,2.39,5.51,1,0,0,1,0,0,0,6.71545,3.1984729,3.1984729,0,191.87
118.23,25.44,680,1574.63,18.49,4.4,1.22,2.15,1,0,0,0,0,0,1,20.85291,9.26796,5.792475,0.000388435,772.33
113.37,23.16,34,1475.7,22.8,5.12,1.21,1.34,0,1,0,1,0,0,0,11.856285,1.9760475,1.9760475,0,376.39
119.36,28.56,372,870.55,17.84,4.31,1.26,1.68,0,1,0,1,0,0,0,3.0244698,0.99297,1.588752,0,97.35
106.98,25.74,1060,1316.9,17.07,4.53,0.57,1.37,0,1,0,0,0,1,0,16.34988,2.3028,3.4542,0,479.75
113.37,23.16,34,1475.7,22.8,5.12,1.21,1.34,0,1,0,1,0,0,0,10.0011,3.676875,8.2362,0,392.2
109.72,32.32,600,1082.3,14.83,4.1,1.36,0.69,0,1,0,1,0,0,0,13.40299575,17.52701997,15.46500786,0,165.93
113.78,23.16,0,1580.2,22.48,5.7,0.45,0.68,1,0,0,1,0,0,0,8.478,8.478,0,0,565.2
113.31,28.53,50,1330,17.5,6.1,1.13,1.32,1,0,0,1,0,0,0,0.719471,0,0,0,63.67
118.55,25.62,600,1800,18,3.38,3.69,5.92,0,1,0,0,1,0,0,0,0,0,0.002535497,236.64
119.37,28.57,195,1484,17.84,4.31,12.6,1.68,0,1,0,1,0,0,0,1.36372986,0.447729,0.7163664,0,87.79
107.09,26.22,1100,1265.4,15.59,4.63,0.98,2.42,0,1,0,0,0,1,0,29.4301248,4.145088,6.217632,0,863.56
119.41,35.45,35,991.3,17,5,1.2,2.02,0,1,0,1,0,0,0,1.187685,0,0,0,263.93
109.72,32.32,600,1082.3,14.83,4.1,1.36,0.69,0,1,0,1,0,0,0,12.42884925,0.80535558,3.35559696,0,153.87
117.88,25.3,435,1577.2,20.85,4.1,1.53,1.98,0,1,0,1,0,0,0,6.3,6.3,6.3,0,150
106.79,22.34,135,1265.7,22.83,3.87,1.31,1.03,0,1,0,0,0,0,0,#VALUE!,#VALUE!,#VALUE!,#VALUE!,NaN
106.79,22.34,135,1265.7,22.83,3.87,1.31,1.03,0,1,0,1,0,0,0,#VALUE!,#VALUE!,#VALUE!,#VALUE!,NaN
107.36,28.4,1205,1174.7,13.78,4.99,3.16,3.6,0,1,0,0,0,0,0,0,0,0,0,67.15
120.52,29.74,484,1354.4,17.65,3.66,2.72,2.35,0,1,0,1,0,0,0,19.52595,7.10050324,3.93729934,0,433.91
119.17,28.98,80,1602.6,17.1,4.23,1.09,3.07,0,1,0,1,0,0,0,16.31206575,16.07422275,9.672282,0,264.27
119.37,28.57,195,1484,17.84,4.31,12.6,1.68,0,1,0,1,0,0,0,3.06547956,1.006434,1.6102944,0,98.67
120.067,30.22,95,1705.4,17.08,4.4,1.2,1.07,0,1,0,0,1,0,0,0,0,0,0.001577597,467.8
100.98,22.787,1320,1514,17.7,5.04,1.04,2,1,0,0,0,0,0,1,16.1913675,5.1198,3.199875,0.000527364,426.65
118,25.01,224,1378.3,19.92,4.2,1.52,1.02,0,1,0,1,0,0,0,11.3289,3.965115,0,0,377.63
119.17,28.98,80,1602.6,17.1,4.23,1.09,3.07,0,1,0,1,0,0,0,15.309,5.103,8.748,0,324
119.95,28.44,74,1824.8,18.3,4.16,0.5,1.15,0,1,0,0,0,0,1,6.09696,3.6792,3.6792,0.006421233,116.8
113.78,23.16,0,1580.2,22.48,5.7,0.45,0.68,1,0,0,1,0,0,0,27.19485,4.532475,9.06495,0,604.33
120.84,30.09,10,1306.8,17.85,4.73,1.83,4.2,0,1,0,1,0,0,0,2.317275,2.317275,2.317275,0,343.3
113.78,23.16,0,1580.2,22.48,5.7,0.45,0.68,1,0,0,1,0,0,0,31.78215,5.297025,5.297025,0,706.27
88.24,26.88,100,2000,13,4.86,0.85,1.78,1,0,0,1,0,0,0,0.7273884,0.1699227,0.1381243,0,99.37
119.95,27.37,91,1560.6,18.98,4.85,0.3,0.37,1,0,0,1,0,0,0,2.205,1.47,1.47,0,98
120.68,29.93,74,1300,16.4,3.98,0.17,0.28,0,1,0,1,0,0,0,6.5436,0.74784,0.9348,0,93.48
120.68,29.93,74,1461,16.4,5.5,1.7,2.75,0,1,0,1,0,0,0,0,1.22616,1.5327,0,153.27
119.17,28.98,80,1602.6,17.1,4.23,1.09,3.07,0,1,0,1,0,0,0,23.483775,18.963525,8.5239,0,287
119.43,32.53,7,1204,16,4.4,0.6,1.43,0,1,0,0,0,0,0,0,0,0,0,6.26
118.3,29.653,178,1477,16.4,5.29,1.72,0.87,1,0,0,1,0,0,0,#VALUE!,#VALUE!,#VALUE!,#VALUE!,NaN
114.32,30.48,25,1250.7,17.78,5.2,0.79,3.2,1,0,0,0,1,0,0,0,0,0,0.010418258,172.86
120.067,30.22,95,1488.5,17.42,4.4,1.2,1.07,0,1,0,1,0,0,0,9.71208,9.71208,9.71208,0,229.6
119.17,28.98,65,1839.8,18.24,4.67,2.89,4.89,0,1,0,1,0,0,0,#VALUE!,#VALUE!,#VALUE!,#VALUE!,NaN
113.78,23.16,0,1580.2,22.48,5.7,0.45,0.68,1,0,0,1,0,0,0,6.59295,3.296475,0,0,439.53
113.34,28.55,75,1993.6,16.71,4.8,0.88,0.84,0,1,0,1,0,0,0,#VALUE!,#VALUE!,#VALUE!,#VALUE!,NaN
100.98,22.787,1320,1514,17.7,5.04,1.04,2,1,0,0,0,0,0,1,41.592441,10.521408,5.753895,0.000410591,547.99
106.79,22.33,332,1509.8,17.27,3.87,1.31,1.03,0,1,0,1,0,0,0,0,0.866052,0.866052,0,213.84
107.36,28.4,1205,1174.7,13.78,4.99,3.16,3.6,0,1,0,1,0,0,0,1.96512,0.615168,0.922752,0,113.92
119.17,35.3,125,863.1,18.6,5.41,1.12,1.25,0,1,0,0,0,0,0,0,0,0,0,144.23
113.33,28.58,105,1330,17.5,6.3,1.13,1.32,1,0,0,1,0,0,0,12.492,0,0,0,277.6
100.33,22.13,1112,1400,18.9,5.52,0.95,1.2,1,0,0,0,0,0,0,0,0,0,0,119.78
103.63,30.35,486,1215,13.4,3.8,0.8,1.43,0,1,0,0,0,0,0,0,0,0,0,379.56
119.38,28.52,167,1650,17.7,3.6,2.83,3.83,0,1,0,1,0,0,0,4.79745,1.91898,2.87847,0,106.61
106.79,22.34,135,1265.7,22.83,3.87,1.31,1.03,0,1,0,1,0,0,0,#VALUE!,#VALUE!,#VALUE!,#VALUE!,NaN
101.62,22.62,1363,1330,19.9,4.4,0.2,3.02,1,0,0,1,0,0,0,19.743108,1.6708065,6.31288944,0,613.14
109.62,25.79,205,1884.6,17.42,6.8,1.13,1.32,0,1,0,1,0,0,0,1.1772,1.1772,1.1772,0,174.4
113.34,28.55,75,1993.6,16.71,4.8,0.88,0.84,0,1,0,0,0,0,1,#VALUE!,#VALUE!,#VALUE!,#VALUE!,NaN
100.98,22.787,1320,1514,17.7,5.04,1.04,2,1,0,0,1,0,0,0,31.2891885,10.243008,8.00235,0,533.49
100.34,22.18,1100,1341,18.5,4.11,2.39,5.51,1,0,0,1,0,0,0,7.8421,5.1354552,5.1354552,0,224.06
114.92,31.95,72,862.65,16.41,5.2,1.84,1.88,0,1,0,0,0,0,0,0,0,0,0,336
113.78,23.16,0,1580.2,22.48,5.7,0.45,0.68,1,0,0,1,0,0,0,0,7.29705,0,0,486.47
107.09,26.22,1100,1265.4,15.59,4.63,0.98,2.42,0,1,0,1,0,0,0,49.1964408,12.1293,9.70344,0,808.62
106.18,29.13,560,1034.9,17.9,3.81,0.68,0.16,0,1,0,1,0,0,0,9.195075,0,0,0,408.67
118.3,29.653,178,1477,16.4,5.29,1.72,0.87,1,0,0,1,0,0,0,#VALUE!,#VALUE!,#VALUE!,#VALUE!,NaN
106.79,22.34,135,1265.7,22.83,3.87,1.31,1.03,0,1,0,1,0,0,0,#VALUE!,#VALUE!,#VALUE!,#VALUE!,NaN
119.58,27.22,111,1876.1,17.02,5.2,1.13,3.2,1,0,0,0,0,0,0,0,0,0,0,146.8
119.38,28.58,186,1648,18.11,4.31,1.26,1.68,0,1,0,1,0,0,0,1.95402186,0.641529,1.0264464,0,125.79
113.78,23.16,0,1580.2,22.48,5.7,0.45,0.68,1,0,0,1,0,0,0,31.98285,10.66095,0,0,710.73
119.38,28.58,186,1816.5,17.97,4.31,1.26,1.68,0,1,0,1,0,0,0,6.13934748,2.015622,3.2249952,0,197.61
119.17,35.3,125,857.1,12.6,5.38,1.01,1.05,0,1,0,0,0,1,0,7.3512,2.20536,5.14584,0,245.04
118.23,25.44,680,1574.63,18.49,4.4,1.22,2.15,1,0,0,0,0,0,1,13.507263,8.57604,5.360025,0.000419774,714.67
109.62,25.79,205,1884.6,17.42,6.8,1.13,1.32,0,1,0,1,0,0,0,3.52755,11.478105,3.52755,0,180.9
120.067,30.22,95,1488.5,17.42,4.4,1.2,1.07,0,1,0,0,0,0,0,0,0,0,0,277.6
106.79,22.33,332,1509.8,17.27,3.87,1.31,1.03,0,1,0,1,0,0,0,0,1.237275,0,0,183.3
113.78,23.16,0,1580.2,22.48,5.7,0.45,0.68,1,0,0,1,0,0,0,9.78195,9.78195,4.890975,0,652.13
119.45,31.28,152,1565.9,16.37,5.29,1.72,0.87,0,1,0,0,1,0,0,0,0,0,0.0155521,135.03
120.68,29.93,74,1461,16.4,5.5,1.7,2.75,0,1,0,1,0,0,0,0,1.18656,1.4832,0,148.32
119.38,28.58,186,1816.5,17.97,4.31,1.26,1.68,0,1,0,1,0,0,0,7.47589284,2.454426,3.9270816,0,240.63
113.31,28.53,50,1330,17.5,6.1,1.13,1.32,1,0,0,1,0,0,0,1.615275,0,0,0,71.79
116,28.37,39,1721.95,18.81,3.88,1.33,2.27,0,1,0,1,0,0,0,12.0534,2.6035344,4.3874376,0,401.78
119.17,28.98,65,1839.8,18.24,4.67,2.89,4.89,0,1,0,1,0,0,0,#VALUE!,#VALUE!,#VALUE!,#VALUE!,NaN
118,25.01,224,1378.3,19.92,4.2,1.52,1.02,0,1,0,0,0,0,0,0,0,0,0,317.77
113.36,23.16,25,1956.1,22.61,5.2,1.13,1.05,0,1,0,0,0,0,0,0,0,0,0,128.58
118,25.01,230,1800,17,3.91,1.39,1.05,0,1,0,0,0,0,1,11.72388,3.140325,6.28065,0.000188078,279.14
100.98,22.787,1320,1514,17.7,5.04,1.04,2,1,0,0,0,1,0,0,0,0,0,0.005598335,348.3
101.62,22.62,1363,1330,19.9,4.4,0.2,3.02,1,0,0,0,0,0,0,0,0,0,0,554.74
113.37,23.16,34,1475.7,22.8,5.12,1.21,1.34,0,1,0,1,0,0,0,13.16925,2.63385,13.16925,0,351.18
113.78,23.16,0,1580.2,22.48,5.7,0.45,0.68,1,0,0,1,0,0,0,0,0,3.074025,0,409.87
113.36,23.16,25,1956.1,22.61,5.2,1.13,1.05,0,1,0,1,0,0,0,6.75,0,0,0,225
119.38,28.58,186,1648,18.11,4.31,1.26,1.68,0,1,0,1,0,0,0,1.36372986,0.447729,0.7163664,0,87.79
113.78,23.16,0,1580.2,22.48,5.7,0.45,0.68,1,0,0,1,0,0,0,28.74285,0,9.58095,0,638.73
116,28.37,39,1780.8,19.3,3.88,1.33,2.27,0,1,0,0,0,0,0,0,0,0,0,373.52
121.59,29.67,70,1697.8,17.9,4.1,1.67,4.56,0,1,0,0,0,0,0,0,0,0,0,80.26
120.08,30.02,0,1503,16.5,4.33,1.7,1.62,0,1,0,1,0,0,0,0,0.9646185,2.444682,0,245.45
118,25.01,224,1378.3,19.92,4.2,1.52,1.02,0,1,0,1,0,0,0,12.2169,4.275915,5.5586895,0,407.23
113.78,23.16,0,1580.2,22.48,5.7,0.45,0.68,1,0,0,1,0,0,0,8.529,0,4.2645,0,568.6
107.09,26.22,1100,1265.4,15.59,4.63,0.98,2.42,0,1,0,0,0,0,0,0,0,0,0,674.36
113.34,28.55,75,1993.6,16.71,4.8,0.88,0.84,0,1,0,0,0,0,1,#VALUE!,#VALUE!,#VALUE!,#VALUE!,NaN
113.78,23.16,0,1580.2,22.48,5.7,0.45,0.68,1,0,0,1,0,0,0,23.454,0,3.909,0,521.2
120.52,29.74,484,1466.2,17.83,3.66,2.72,2.35,0,1,0,1,0,0,0,39.0131,39.0131,39.0131,0,557.33
113.78,23.16,0,1580.2,22.48,5.7,0.45,0.68,1,0,0,1,0,0,0,20.358,6.786,6.786,0,452.4
119.17,35.3,125,861.1,16.6,5.41,1.12,1.25,0,1,0,0,0,0,1,3.80344642,1.14085642,2.66259,0.000591529,253.58
118,25.01,224,1378.3,19.92,4.2,1.52,1.02,0,1,0,1,0,0,0,0,3.698415,3.698415,0,352.23
116,28.37,39,1721.95,18.81,3.88,1.33,2.27,0,1,0,1,0,0,0,26.87985,5.8060476,9.7842654,0,597.33
113.08,28.25,450,1389,16.5,4.8,0.88,0.84,0,1,0,1,0,0,0,21.645,2.834052,2.5052885,0,240.5
116.78,23.81,245,1475.9,21.4,4.31,1.14,1.98,0,1,0,1,0,0,0,13.392,4.056,4.2,0,240
106.79,22.33,332,1509.8,17.27,3.87,1.31,1.03,0,1,0,1,0,0,0,2.57337,1.029348,0,0,254.16
119.17,28.98,65,1602.3,18.26,4.67,2.89,4.89,0,1,0,1,0,0,0,#VALUE!,#VALUE!,#VALUE!,#VALUE!,NaN
119.17,28.98,80,1602.6,17.1,4.23,1.09,3.07,0,1,0,1,0,0,0,18.50308725,14.94153975,6.716061,0,226.13
120.68,29.93,74,1461,16.4,5.5,1.7,2.75,0,1,0,1,0,0,0,5.94688,0,1.8584,0,185.84
117.92,27.65,235,2057.3,18.28,4.52,1.05,2.27,0,1,0,1,0,0,0,#VALUE!,#VALUE!,#VALUE!,#VALUE!,NaN
109.72,32.32,600,1082.3,14.83,4.1,1.36,0.69,0,1,0,0,0,0,0,0,0,0,0,126.6
100.34,22.18,1100,1341,18.5,4.11,2.39,5.51,1,0,0,0,0,0,1,6.6808,3.1819696,3.1819696,0.001571668,190.88
118.3,29.653,178,1477,16.4,5.29,1.72,0.87,1,0,0,0,0,0,1,#VALUE!,#VALUE!,#VALUE!,#VALUE!,NaN
119.38,28.58,186,1816.5,17.97,4.31,1.26,1.68,0,1,0,1,0,0,0,8.6027292,2.82438,4.519008,0,276.9
120.68,29.93,74,1461,16.4,5.5,1.7,2.75,0,1,0,0,0,0,0,0,0,0,0,193.63
119.96,27.37,91,1560.6,18.98,4.85,0.3,0.37,1,0,0,1,0,0,0,1.9499625,2.59995,2.59995,0,173.33
119.17,28.98,65,1484,18.21,4.67,2.89,4.89,0,1,0,1,0,0,0,#VALUE!,#VALUE!,#VALUE!,#VALUE!,NaN
100.98,22.787,1320,1514,17.7,5.04,1.04,2,1,0,0,0,1,0,0,0,0,0,0.005570029,350.07
119.36,28.56,372,870.55,17.84,4.31,1.26,1.68,0,1,0,1,0,0,0,5.84109468,1.917702,3.0683232,0,188.01
100.45,21.958,1500,1563.2,21.89,5.2,1.4,1.2,1,0,0,0,0,0,0,0,0,0,0,140
106.18,29.13,560,1034.9,17.9,3.81,0.68,0.16,0,1,0,1,0,0,0,6.8983125,0,0,0,367.91
119.37,28.57,195,1484,17.84,4.31,12.6,1.68,0,1,0,1,0,0,0,1.95402186,0.641529,1.0264464,0,125.79
118.23,25.44,680,1574.63,18.49,4.4,1.22,2.15,1,0,0,0,0,0,1,19.74591,8.77596,7.1304675,0.000410212,731.33
116.78,23.81,245,1475.9,21.4,4.31,1.14,1.98,0,1,0,1,0,0,0,14.631273,4.905612,6.132015,0,285.21
119.17,28.98,65,1602.3,18.26,4.67,2.89,4.89,0,1,0,1,0,0,0,#VALUE!,#VALUE!,#VALUE!,#VALUE!,NaN
119.37,28.57,195,1484,17.84,4.31,12.6,1.68,0,1,0,1,0,0,0,4.31907336,1.418004,2.2688064,0,139.02
106.18,29.13,560,1034.9,17.9,3.81,0.68,0.16,0,1,0,1,0,0,0,4.0629375,0,0,0,361.15
119.95,27.37,91,1560.6,18.98,4.85,0.3,0.37,1,0,0,1,0,0,0,0,0.333,0.333,0,22.2
113.34,28.55,75,1993.6,16.71,4.8,0.88,0.84,0,1,0,0,0,0,1,#VALUE!,#VALUE!,#VALUE!,#VALUE!,NaN
113.37,23.16,34,1475.7,22.8,5.12,1.21,1.34,0,1,0,1,0,0,0,8.6143125,1.7228625,8.6143125,0,459.43
114.92,31.95,72,866.5,16.02,5.2,1.84,1.88,0,1,0,1,0,0,0,2.471808,0,0,0,164
113.33,28.58,105,1330,17.5,4.16,0.77,0.98,1,0,0,0,0,1,0,6.7941,0,0,0,150.98
120.067,30.22,95,1705.4,17.08,4.4,1.2,1.07,0,1,0,0,0,0,0,0,0,0,0,490
119.57,27.21,62,1699.5,17.16,4.85,0.3,0.37,0,1,0,1,0,0,0,7.87905,5.2527,10.5054,0,350.18
119.38,28.58,186,1648,18.11,4.31,1.26,1.68,0,1,0,1,0,0,0,4.318452,1.4178,2.26848,0,139
113.78,23.16,0,1580.2,22.48,5.7,0.45,0.68,1,0,0,1,0,0,0,0,8.097,8.097,0,539.8
113.78,23.16,0,1580.2,22.48,5.7,0.45,0.68,1,0,0,1,0,0,0,11.85405,0,0,0,790.27
119.95,28.44,74,1824.8,18.3,4.16,0.5,1.15,0,1,0,0,0,0,1,5.788458,3.493035,3.493035,0.006763459,110.89
113.78,23.16,0,1580.2,22.48,5.7,0.45,0.68,1,0,0,1,0,0,0,12.15705,0,12.15705,0,810.47
106.79,22.33,332,1509.8,17.27,3.87,1.31,1.03,0,1,0,1,0,0,0,2.43729,0,0.974916,0,240.72
119.17,28.98,65,1484,18.21,4.67,2.89,4.89,0,1,0,0,0,0,0,#VALUE!,#VALUE!,#VALUE!,#VALUE!,NaN
113.37,23.16,34,1475.7,22.8,5.12,1.21,1.34,0,1,0,1,0,0,0,3.39291,2.827425,1.13097,0,376.99
113.36,23.16,25,1956.1,22.61,5.2,1.13,1.05,0,1,0,1,0,0,0,9.5292,0,0,0,211.76
100.98,22.787,1320,1514,17.7,5.04,1.04,2,1,0,0,0,0,0,0,0,0,0,0,153.47
118,25.01,224,1378.3,19.92,4.2,1.52,1.02,0,1,0,1,0,0,0,12.4881,4.370835,4.370835,0,416.27
120.68,29.93,74,1461,16.4,5.5,1.7,2.75,0,1,0,1,0,0,0,5.65248,1.41312,0,0,176.64
113.08,28.25,450,1389,16.5,4.8,0.88,0.84,0,1,0,0,0,0,1,9.84015,1.28905965,1.13795868,0,218.67
119.95,28.44,74,1824.8,18.3,4.16,0.5,1.15,0,1,0,0,0,0,1,5.696064,3.43728,3.43728,0.003436584,109.12
119.17,28.98,65,1602.3,18.26,4.67,2.89,4.89,0,1,0,1,0,0,0,#VALUE!,#VALUE!,#VALUE!,#VALUE!,NaN
109.62,25.79,205,1884.6,17.42,6.8,1.13,1.32,0,1,0,0,1,0,0,0,0,0,0.001321974,170.2
118,25.01,230,1800,17,3.91,1.39,1.05,0,1,0,1,0,0,0,15.306375,3.2799375,6.559875,0,291.55
119.36,28.56,372,870.55,17.84,4.31,1.26,1.68,0,1,0,1,0,0,0,2.74765392,0.902088,1.4433408,0,88.44
107.06,28.07,910,1560.6,14.8,6.8,1.54,2.03,1,0,0,0,0,0,0,0,0,0,0,204.82
113.78,23.16,0,1580.2,22.48,5.7,0.45,0.68,1,0,0,1,0,0,0,12.6801,0,6.34005,0,422.67
119.37,28.57,195,1484,17.71,4.31,12.6,1.68,0,1,0,1,0,0,0,2.98439208,0.979812,1.5676992,0,192.12
120.08,30.02,0,1503,16.5,4.33,1.7,1.62,0,1,0,1,0,0,0,3.759329,1.2415263,3.1464636,0,315.91
100.45,21.958,1500,1563.2,21.89,5.2,1.4,1.2,1,0,0,0,0,0,1,16.1469216,4.175928,0,0.003103502,193.33
119.38,28.58,186,1648,18.11,4.31,1.26,1.68,0,1,0,1,0,0,0,3.06547956,1.006434,1.6102944,0,98.67
116.78,23.81,245,1475.9,21.4,4.31,1.14,1.98,0,1,0,1,0,0,0,11.413953,3.580848,3.630582,0,248.67
106.18,29.13,560,1034.9,17.9,3.81,0.68,0.16,0,1,0,1,0,0,0,1.8923212,0,0,0,403.48
119.36,28.56,372,1484,17.71,4.31,1.26,1.68,0,1,0,1,0,0,0,7.78812624,2.556936,4.0910976,0,250.68
113.33,28.58,105,1330,17.5,6.3,1.13,1.32,1,0,0,1,0,0,0,12.024,0,0,0,267.2
119.17,35.3,125,858.1,13.6,5.41,1.12,1.25,0,1,0,1,0,0,0,6.8502,2.05551668,4.79514,0,228.34
119.38,26.68,543,1540,19.3,5.64,0.63,0.92,0,1,0,1,0,0,0,5.12512,1.67552,1.37984,0,246.4
116,28.37,39,1630.9,19.2,3.88,1.33,2.27,0,1,0,1,0,0,0,16.575,3.5802,6.0333,0,442
119.37,28.57,195,1484,17.71,4.31,12.6,1.68,0,1,0,1,0,0,0,2.2951485,0.753525,1.20564,0,147.75
107.06,28.07,910,1560.6,14.8,6.8,1.54,2.03,1,0,0,1,0,0,0,14.17122,5.54526,4.92912,0,205.38
120.52,29.74,484,1354.4,17.65,3.66,2.72,2.35,0,1,0,1,0,0,0,16.68105,16.68105,16.68105,0,370.69
115.7,31.54,459,1402.1,16.31,3.88,1.33,1.15,0,1,0,1,0,0,0,2.712105,1.47933,1.97244,0,164.37
113.37,23.16,34,1475.7,22.8,5.12,1.21,1.34,0,1,0,1,0,0,0,13.910475,4.48725,12.115575,0,299.15
118.43,26.63,701,1660,19.3,4.53,0.57,1.37,0,1,0,0,1,0,0,0,0,0,0.00036519,164.38
103.5,29.67,450,1555.3,18.2,4.46,1.01,1.43,0,1,0,1,0,0,0,3.15696,1.57848,0,0,131.54
116,28.37,39,1630.9,19.2,3.88,1.33,2.27,0,1,0,1,0,0,0,10.9932,2.3745312,4.0015248,0,366.44
119.96,27.37,91,1560.6,18.98,4.85,0.3,0.37,1,0,0,1,0,0,0,7.350075,4.90005,4.90005,0,326.67
120.067,30.22,95,1487.73,17.42,4.4,1.2,1.07,0,1,0,0,0,0,0,0,0,0,0,296.33
119.6,27.17,110,1700,17.9,4.25,1.07,1.95,1,0,0,0,0,1,0,3.1389687,2.35443663,3.1389687,0,420.21
119.36,28.56,372,870.55,17.84,4.31,1.26,1.68,0,1,0,1,0,0,0,1.95402186,0.641529,1.0264464,0,125.79
113.08,28.25,450,1389,16.5,4.8,0.88,0.84,0,1,0,0,0,0,1,19.6695,2.5767045,2.2759797,0,218.55
118,25.01,230,1800,17,3.91,1.39,1.05,0,1,0,1,0,0,0,0,2.239875,4.47975,0,199.1
107.09,26.22,1100,1265.4,15.59,4.63,0.98,2.42,0,1,0,0,0,1,0,29.649681,8.28534,12.42801,0,986.35
119.6,27.17,110,1700,17.9,4.25,1.07,1.95,1,0,0,0,0,0,0,0,0,0,0,300.15
118.03,25.4,451,1431,20.22,3.82,1.2,3.97,0,1,0,1,0,0,0,28.36125,28.36125,28.36125,0,504.2
88.24,26.88,100,2000,13,4.86,0.85,1.78,1,0,0,1,0,0,0,0.03968121,0.02395335,0.00415794,0,90.39
119.6,27.17,110,1700,17.9,4.25,1.07,1.95,1,0,0,1,0,0,0,4.73534288,1.16452468,1.16452468,0,344.84
119.17,28.98,80,1602.6,17.1,4.23,1.09,3.07,0,1,0,1,0,0,0,17.7483,13.5273,8.8842,0,268
119.17,35.3,125,859.1,14.6,5.41,1.12,1.25,0,1,0,0,1,0,0,0,0,0,0.001382807,216.95
118,25.01,230,1800,17,3.91,1.39,1.05,0,1,0,1,0,0,0,15.10635,3.237075,6.47415,0,287.74
107.36,28.4,1205,1174.7,13.78,4.99,3.16,3.6,0,1,0,1,0,0,0,0.340584,0.177696,0.355392,0,98.72
113.08,28.25,450,1389,16.5,4.8,0.88,0.84,0,1,0,0,0,0,1,7.3674,0.96496568,0.85249004,0,163.72
119.96,27.37,91,1560.6,18.98,4.85,0.3,0.37,1,0,0,1,0,0,0,0,1.11,1.11,0,74
116,28.37,39,1630.9,19.2,3.88,1.33,2.27,0,1,0,1,0,0,0,22.01985,4.7562876,8.0152254,0,489.33
119.75,31.37,11,1313,16.2,4.7,0.8,1.43,0,1,0,1,0,0,0,0.93429864,0.131307,0.5446584,0,30.36
120.08,30.02,0,1503,16.5,4.33,1.7,1.62,0,1,0,1,0,0,0,9.65124,1.3308552,3.3728544,0,338.64
119.42,35.62,77.8,765.8,13.1,5.11,1.26,1.01,0,1,0,0,0,1,0,4.677,1.4031,3.2739,0,311.8
109.72,32.24,600,1160.1,14.35,4.8,0.88,0.84,0,1,0,1,0,0,0,12.497508,3.12441568,3.12441568,0,154.72
119.17,35.3,125,857.1,12.6,5.38,1.01,1.05,0,1,0,0,0,1,0,6.9843,2.09529,4.88901,0,232.81
118.03,25.4,451,1431,20.22,3.82,1.2,3.97,0,1,0,0,0,0,0,0,0,0,0,436.2
118.55,25.62,600,1800,18,3.38,3.69,5.92,0,1,0,0,1,0,0,0,0,0,0.003452774,260.66
116,28.37,39,1630.9,19.2,3.88,1.33,2.27,0,1,0,1,0,0,0,7.674975,1.6577946,2.7936909,0,341.11
109.72,32.24,600,1160.1,14.35,4.8,0.88,0.84,0,1,0,1,0,0,0,13.476501,17.62314236,15.54982168,0,166.84
120.08,30.02,0,1503,16.5,4.33,1.7,1.62,0,1,0,1,0,0,0,18.4925,1.27725,3.237,0,325
119.75,31.37,11,1313,16.2,4.7,0.8,1.43,0,1,0,0,0,0,0,0,0,0,0,26.08
119.36,28.56,372,1484,17.71,4.31,1.26,1.68,0,1,0,1,0,0,0,2.2951485,0.753525,1.20564,0,147.75
113.37,23.15,33,1817.2,22.19,4.19,1.19,1.59,0,1,0,1,0,0,0,2.9877,0,0,0,99.59
113.08,28.25,450,1389,16.5,4.8,0.88,0.84,0,1,0,0,0,0,1,23.1813,3.0367503,2.68078856,0,257.57
119.36,28.56,372,1484,17.71,4.31,1.26,1.68,0,1,0,1,0,0,0,3.68823762,1.210893,1.9374288,0,237.43
106.18,29.13,560,1034.9,17.9,3.81,0.68,0.16,0,1,0,0,0,0,0,0,0,0,0,343.96
100.98,22.787,1320,1514,17.7,5.04,1.04,2,1,0,0,0,1,0,0,0,0,0,0.007640375,255.21
106.79,22.34,135,1265.7,22.83,3.87,1.31,1.03,0,1,0,1,0,0,0,#VALUE!,#VALUE!,#VALUE!,#VALUE!,NaN
120.067,30.22,95,1705.4,17.08,4.4,1.2,1.07,0,1,0,0,1,0,0,0,0,0,0.001006437,476.93
113.08,28.25,450,1389,16.5,4.8,0.88,0.84,0,1,0,1,0,0,0,1.335375,0.1748451,0.1545474,0,178.05
118.03,25.4,451,1431,20.22,3.82,1.2,3.97,0,1,0,0,0,0,1,15.463125,15.463125,15.463125,0.000682066,549.8
119.42,35.62,77.8,765.8,13.1,5.11,1.26,1.01,0,1,0,0,0,0,1,4.83527754,1.45124631,3.3843075,0.000723929,276.27
113.34,28.55,75,1993.6,16.71,4.8,0.88,0.84,0,1,0,0,1,0,0,#VALUE!,#VALUE!,#VALUE!,#VALUE!,NaN
119.52,31.17,260,1264.8,16.84,6.3,1.33,1.51,0,1,0,1,0,0,0,11.0373705,2.505087,1.1240775,0,142.74
118,25.01,224,1378.3,19.92,4.2,1.52,1.02,0,1,0,1,0,0,0,11.7459,4.111065,2.8777455,0,391.53
119.17,35.3,125,862.1,17.6,5.41,1.12,1.25,0,1,0,0,0,0,1,3.8589,1.15767,2.70123,0.000583068,257.26
118.23,25.44,680,1574.63,18.49,4.4,1.22,2.15,1,0,0,0,0,0,1,19.17891,8.52396,0,0.000422339,710.33
119.37,28.57,195,1484,17.84,4.31,12.6,1.68,0,1,0,1,0,0,0,1.23604038,0.405807,0.6492912,0,79.57
113.36,23.16,25,1956.1,22.61,5.2,1.13,1.05,0,1,0,0,0,0,0,0,0,0,0,79.41
114.92,31.95,72,866.5,16.02,5.2,1.84,1.88,0,1,0,0,0,0,0,0,0,0,0,158
108.16,28.02,970,1336.5,16.24,4.79,0.98,1.49,1,0,0,0,0,0,0,0,0,0,0,494.39
113.78,23.16,0,1580.2,22.48,5.7,0.45,0.68,1,0,0,1,0,0,0,10.43505,5.217525,5.217525,0,695.67
119.38,28.58,186,1816.5,17.97,4.31,1.26,1.68,0,1,0,1,0,0,0,2.2951485,0.753525,1.20564,0,147.75
100.34,22.18,1100,1341,18.5,4.11,2.39,5.51,1,0,0,1,0,0,0,9.635,0.3854,1.6061545,0,192.7
113.08,28.25,450,1389,16.5,4.8,0.88,0.84,0,1,0,1,0,0,0,8.32635,1.09019676,0.96382127,0,185.03
113.78,23.16,0,1580.2,22.48,5.7,0.45,0.68,1,0,0,1,0,0,0,33.74685,11.24895,5.624475,0,749.93
108.16,28.02,970,1336.5,16.24,4.79,0.98,1.49,1,0,0,1,0,0,0,35.3078856,8.7051,6.96408,0,580.34
120.067,30.22,95,1487.73,17.42,4.4,1.2,1.07,0,1,0,0,1,0,0,0,0,0,0.001738312,276.13
118.3,29.653,178,1477,16.4,5.29,1.72,0.87,1,0,0,0,0,0,0,#VALUE!,#VALUE!,#VALUE!,#VALUE!,NaN
113.78,23.16,0,1580.2,22.48,5.7,0.45,0.68,1,0,0,1,0,0,0,28.40715,0,0,0,631.27
113.08,28.25,450,1389,16.5,4.8,0.88,0.84,0,1,0,0,0,0,1,1.52145,0.19799136,0.17628534,0,202.86
118.43,26.63,701,1660,19.3,4.53,0.57,1.37,0,1,0,1,0,0,0,0.6453617,0.6453617,0.6453617,0,143.35
120.067,30.22,95,1705.4,17.08,4.4,1.2,1.07,0,1,0,1,0,0,0,21.1077,21.1077,21.1077,0,499
109.72,32.24,600,1160.1,14.35,4.8,0.88,0.84,0,1,0,1,0,0,0,12.47166,3.1179536,0,0,154.4
118.23,25.44,680,1574.63,18.49,4.4,1.22,2.15,1,0,0,0,0,0,1,28.231983,9.65196,6.032475,0.000372981,804.33
103.86,30.71,530,1000,16,6.3,1.4,1.43,0,1,0,0,0,0,0,0,0,0,0,142.3
119.83,35.82,1139,697.3,14.28,6.3,3.05,1.72,0,1,0,0,0,0,1,184.1808375,45.8632125,67.7028375,4.63607E-06,215.7
119.36,28.56,372,870.55,17.84,4.31,1.26,1.68,0,1,0,1,0,0,0,1.4050503,0.461295,0.738072,0,90.45
113.34,28.55,75,1993.6,16.71,4.8,0.88,0.84,0,1,0,0,1,0,0,#VALUE!,#VALUE!,#VALUE!,#VALUE!,NaN
113.08,28.25,450,1389,16.5,4.8,0.88,0.84,0,1,0,0,0,0,1,1.356075,0.17628975,0.15712389,0,180.81
120.52,29.74,484,1466.2,17.83,3.66,2.72,2.35,0,1,0,1,0,0,0,23.5989,23.5989,23.5989,0,524.42
113.08,28.25,450,1389,16.5,4.8,0.88,0.84,0,1,0,0,0,0,1,1.14735,0.1491555,0.1330926,0,152.98
113.78,23.16,0,1580.2,22.48,5.7,0.45,0.68,1,0,0,1,0,0,0,23.5359,11.76795,11.76795,0,784.53
119.41,35.45,35,924.9,17,5,1.2,2.02,0,1,0,0,0,0,0,0,0,0,0,81.41
117.93,27.66,524,1971.9,18.72,4.62,1.05,2.27,0,1,0,1,0,0,0,#VALUE!,#VALUE!,#VALUE!,#VALUE!,NaN
119.17,28.98,65,1602.3,18.26,4.67,2.89,4.89,0,1,0,1,0,0,0,#VALUE!,#VALUE!,#VALUE!,#VALUE!,NaN
113.37,23.16,34,1475.7,22.8,5.12,1.21,1.34,0,1,0,1,0,0,0,6.6340575,1.10567625,1.10567625,0,421.21
119.41,35.45,35,924.9,17,5,1.2,2.02,0,1,0,1,0,0,0,0.468405,0,0,0,104.09
116.78,23.81,245,1475.9,21.4,4.31,1.14,1.98,0,1,0,1,0,0,0,14.6322,4.629096,4.682304,0,266.04
118.55,25.62,600,1800,18,3.38,3.69,5.92,0,1,0,0,1,0,0,0,0,0,0.004320899,347.15
119.41,35.45,35,924.9,17,5,1.2,2.02,0,1,0,1,0,0,0,1.457295,0,0,0,138.79
103.5,29.67,450,1555.3,18.2,4.46,1.01,1.43,0,1,0,1,0,0,0,3.37848,1.68924,2.53386,0,140.77
119.17,28.98,65,1484,18.21,4.67,2.89,4.89,0,1,0,1,0,0,0,#VALUE!,#VALUE!,#VALUE!,#VALUE!,NaN
113.08,28.25,450,1389,16.5,4.8,0.88,0.84,0,1,0,1,0,0,0,1.1448,0.14897664,0.1327968,0,152.64
80.65,8.5,125,2375,27,4.8,0.6,1.46,0,0,1,1,0,0,0,16.06701096,2.13477768,8.31439728,0,594.48
118,25.01,224,1378.3,19.92,4.2,1.52,1.02,0,1,0,1,0,0,0,8.11083,4.055415,4.055415,0,386.23
113.78,23.16,0,1580.2,22.48,5.7,0.45,0.68,1,0,0,1,0,0,0,0,2.936025,5.87205,0,391.47
118.23,25.44,680,1574.63,18.49,4.4,1.22,2.15,1,0,0,0,0,0,0,0,0,0,0,605.67
116,28.37,39,1721.95,18.81,3.88,1.33,2.27,0,1,0,1,0,0,0,4.5867,0.9907272,1.6695588,0,305.78
118.23,25.44,680,1574.63,18.49,4.4,1.22,2.15,1,0,0,1,0,0,0,#VALUE!,#VALUE!,#VALUE!,#VALUE!,NaN
113.78,23.16,0,1580.2,22.48,5.7,0.45,0.68,1,0,0,1,0,0,0,22.5981,11.29905,0,0,753.27
119.38,26.68,543,1540,19.3,5.64,0.63,0.92,0,1,0,0,0,0,0,0,0,0,0,153.93
119.6,27.17,110,1700,17.9,4.25,1.07,1.95,1,0,0,0,0,1,0,3.86163652,1.5445719,3.0891438,0,413.54
121.42,28.66,8,1648,17.84,5.7,1.1,0.96,0,1,0,1,0,0,0,4.06,1.7864,2.71208,0,162.4
118,25.01,230,1800,17,3.91,1.39,1.05,0,1,0,1,0,0,0,11.58108,3.102075,6.20415,0,275.74
121.42,28.66,8,1428.8,17.84,5.7,1.1,0.96,0,1,0,1,0,0,0,7.91,3.4804,5.28388,0,158.2
119.17,28.98,80,1602.6,17.1,4.23,1.09,3.07,0,1,0,1,0,0,0,22.899975,22.566075,13.5786,0,371
120.52,29.74,484,1354.4,17.65,3.66,2.72,2.35,0,1,0,1,0,0,0,30.1721,30.1721,30.1721,0,431.03
88.24,26.88,100,2000,13,4.86,0.85,1.78,1,0,0,1,0,0,0,1.530624,0.8125461,0.2905794,0,119.58
113.34,28.55,75,1993.6,16.71,4.8,0.88,0.84,0,1,0,0,0,0,1,#VALUE!,#VALUE!,#VALUE!,#VALUE!,NaN
108.16,28.02,970,1336.5,16.24,4.79,0.98,1.49,1,0,0,0,0,1,0,20.0536944,2.824464,4.236696,0,588.43
121.42,28.66,8,1648,17.84,5.7,1.1,0.96,0,1,0,0,0,0,0,0,0,0,0,113.8
119.37,28.57,195,1484,17.71,4.31,12.6,1.68,0,1,0,1,0,0,0,3.76497558,1.236087,1.9777392,0,242.37
113.33,28.46,55,1596.77,18.15,4.72,1.05,1.24,0,1,0,0,0,0,0,0,0,0,0,70.47
119.17,28.98,65,1484,18.21,4.67,2.89,4.89,0,1,0,1,0,0,0,#VALUE!,#VALUE!,#VALUE!,#VALUE!,NaN
119.42,35.62,77.8,765.8,13.1,5.11,1.26,1.01,0,1,0,0,0,0,0,0,0,0,0,322.33
119.38,28.58,186,1816.5,17.97,4.31,1.26,1.68,0,1,0,1,0,0,0,3.32132454,1.090431,1.7446896,0,213.81
118,25.01,224,1378.3,19.92,4.2,1.52,1.02,0,1,0,1,0,0,0,11.7321,0,4.106235,0,391.07
116,28.37,39,1721.95,18.81,3.88,1.33,2.27,0,1,0,1,0,0,0,7.719975,1.6675146,2.8100709,0,343.11
106.98,25.74,1060,1316.9,17.07,4.53,0.57,1.37,0,1,0,1,0,0,0,26.7519564,6.59565,5.27652,0,439.71
119.17,28.98,65,1839.8,18.24,4.67,2.89,4.89,0,1,0,1,0,0,0,#VALUE!,#VALUE!,#VALUE!,#VALUE!,NaN
115.7,31.54,459,1402.1,16.31,4.25,1.15,2.51,0,1,0,0,0,0,0,0,0,0,0,114.14
114.92,31.95,72,862.65,16.41,5.2,1.84,1.88,0,1,0,0,0,1,0,5.613108,0,0,0,372
119.68,27.63,800,1721,17,4,1,2.03,0,1,0,1,0,0,0,6.35707764,1.435383,6.21420696,0,333.81
119.52,31.17,260,1264.8,16.84,6.3,1.33,1.51,0,1,0,0,0,0,1,1.47393864,1.018656,0,0.008481764,141.48
113.78,23.16,0,1580.2,22.48,5.7,0.45,0.68,1,0,0,1,0,0,0,7.36695,3.683475,7.36695,0,491.13
119.96,27.37,91,1560.6,18.98,4.85,0.3,0.37,1,0,0,1,0,0,0,17.64,5.88,5.88,0,392
118.75,26.82,764,1650,19,3.84,0.98,3.14,0,1,0,0,0,0,0,0,0,0,0,511.66
106.79,22.33,332,1509.8,17.27,3.87,1.31,1.03,0,1,0,1,0,0,0,2.284389,0.9017325,0.9017325,0,267.18
106.79,22.34,135,1265.7,22.83,3.87,1.31,1.03,0,1,0,1,0,0,0,#VALUE!,#VALUE!,#VALUE!,#VALUE!,NaN
100.98,22.787,1320,1514,17.7,5.04,1.04,2,1,0,0,0,0,0,1,14.3227095,4.52892,2.830575,0.000596169,377.41
118.43,26.63,701,1660,19.3,4.53,0.57,1.37,0,1,0,1,0,0,0,0.68871596,0.68871596,0.68871596,0,152.98
119.95,27.37,91,1560.6,18.98,4.85,0.3,0.37,1,0,0,1,0,0,0,5.292,1.764,1.764,0,117.6
120.68,29.93,74,1300,16.4,3.98,0.17,0.28,0,1,0,1,0,0,0,3.43476,0.76328,0.9541,0,95.41
103.5,29.67,450,1555.3,18.2,4.46,1.01,1.43,0,1,0,1,0,0,0,4.84608,2.42304,0,0,201.92
118.23,25.44,680,1574.63,18.49,4.4,1.22,2.15,1,0,0,0,0,0,1,18.78309,0,5.217525,0.000431239,695.67
100.34,22.18,1100,1341,18.5,4.11,2.39,5.51,1,0,0,1,0,0,0,6.79105,3.2344801,3.2344801,0,194.03
120.68,29.93,74,1461,16.4,5.5,1.7,2.75,0,1,0,1,0,0,0,6.76256,1.69064,2.1133,0,211.33
120.52,29.74,484,1466.2,17.83,3.66,2.72,2.35,0,1,0,0,0,1,0,23.6916,3.9486,4.73832,0,526.48
119.38,28.58,186,1816.5,17.97,4.31,1.26,1.68,0,1,0,1,0,0,0,7.78812624,2.556936,4.0910976,0,250.68
120.067,30.22,95,1487.73,17.42,4.4,1.2,1.07,0,1,0,1,0,0,0,12.63078,12.63078,12.63078,0,298.6
100.34,22.18,1100,1341,18.5,4.11,2.39,5.51,1,0,0,0,0,0,1,7.74305,3.6879041,3.6879041,0.001356055,221.23
119.36,28.56,372,1484,17.71,4.31,1.26,1.68,0,1,0,1,0,0,0,7.47589284,2.454426,3.9270816,0,240.63
103.86,30.71,530,1000,16,6.8,1.4,1.43,0,1,0,0,1,0,0,0,0,0,0.004742146,168.7
119.17,35.3,125,857.1,12.6,5.38,1.01,1.05,0,1,0,0,0,1,0,7.3128,2.19384,5.11896,0,243.76
118.43,26.63,701,1660,19.3,4.53,0.57,1.37,0,1,0,0,1,0,0,0,0,0,0.000356303,168.48
114.32,30.48,25,1250.7,17.78,5.2,0.79,3.2,1,0,0,1,0,0,0,5.5448912,0,0,0,200.8
118,25.01,230,1800,17,3.91,1.39,1.05,0,1,0,1,0,0,0,7.897995,2.8207125,5.641425,0,250.73
118,25.01,230,1800,17,3.91,1.39,1.05,0,1,0,1,0,0,0,7.78428,2.7801,5.5602,0,247.12
113.34,28.55,75,1993.6,16.71,4.8,0.88,0.84,0,1,0,0,0,0,1,#VALUE!,#VALUE!,#VALUE!,#VALUE!,NaN
113.33,28.58,105,1330,17.5,6.3,1.13,1.32,1,0,0,0,0,1,0,11.412,0,0,0,253.6
119.41,35.45,35,991.3,17,5,1.2,2.02,0,1,0,0,0,0,0,0,0,0,0,253.4
119.37,28.57,195,1484,17.84,4.31,12.6,1.68,0,1,0,1,0,0,0,2.74765392,0.902088,1.4433408,0,88.44
119.41,35.45,35,991.3,17,5,1.2,2.02,0,1,0,1,0,0,0,2.058975,0,0,0,274.53
103.5,29.67,450,1555.3,18.2,4.46,1.01,1.43,0,1,0,1,0,0,0,3.87696,1.93848,2.90772,0,161.54
113.37,23.16,34,1475.7,22.8,5.12,1.21,1.34,0,1,0,1,0,0,0,7.366095,0,0,0,213.51
119.38,28.58,186,1816.5,17.97,4.31,1.26,1.68,0,1,0,1,0,0,0,4.46819976,1.466964,2.3471424,0,143.82
106.98,25.74,1060,1316.9,17.07,4.53,0.57,1.37,0,1,0,0,0,0,0,0,0,0,0,353.78
100.98,22.787,1320,1514,17.7,5.04,1.04,2,1,0,0,1,0,0,0,38.820573,9.820224,7.67205,0,511.47
100.98,22.787,1320,1514,17.7,5.04,1.04,2,1,0,0,0,0,0,1,16.6938255,5.27868,3.299175,0.000511492,439.89
113.08,28.25,450,1389,16.5,4.8,0.88,0.84,0,1,0,1,0,0,0,9.53145,1.24861995,1.10247105,0,211.81
113.34,28.55,75,1993.6,16.71,4.8,0.88,0.84,0,1,0,0,0,0,1,#VALUE!,#VALUE!,#VALUE!,#VALUE!,NaN
106.79,22.33,332,1509.8,17.27,3.87,1.31,1.03,0,1,0,1,0,0,0,1.5691725,1.743525,1.743525,0,258.3
113.78,23.16,0,1580.2,22.48,5.7,0.45,0.68,1,0,0,1,0,0,0,19.0719,9.53595,4.767975,0,635.73
119.37,28.57,195,1484,17.71,4.31,12.6,1.68,0,1,0,1,0,0,0,4.46819976,1.466964,2.3471424,0,143.82
116,28.37,39,1630.9,19.2,3.88,1.33,2.27,0,1,0,1,0,0,0,27.3198,5.9010768,9.9444072,0,455.33
119.6,27.17,110,1700,17.9,4.25,1.07,1.95,1,0,0,0,0,1,0,4.55938522,1.51965945,2.27969261,0,406.87
119.37,28.57,195,1484,17.71,4.31,12.6,1.68,0,1,0,1,0,0,0,3.32132454,1.090431,1.7446896,0,213.81
113.78,23.16,0,1580.2,22.48,5.7,0.45,0.68,1,0,0,1,0,0,0,0,3.698025,3.698025,0,493.07
119.37,28.57,195,1484,17.84,4.31,12.6,1.68,0,1,0,1,0,0,0,3.0244698,0.99297,1.588752,0,97.35
119.36,28.56,372,1484,17.71,4.31,1.26,1.68,0,1,0,1,0,0,0,4.46819976,1.466964,2.3471424,0,143.82
106.79,22.34,135,1265.7,22.83,3.87,1.31,1.03,0,1,0,1,0,0,0,#VALUE!,#VALUE!,#VALUE!,#VALUE!,NaN
121.59,29.67,70,1697.8,17.9,4.1,1.67,4.56,0,1,0,0,0,0,1,8.794575,2.931525,2.931525,0.000383759,130.29
100.98,22.787,1320,1514,17.7,5.04,1.04,2,1,0,0,0,0,0,1,17.6964645,7.575744,4.142985,0.000570241,394.57
117.88,25.3,435,1577.2,20.85,4.1,1.53,1.98,0,1,0,0,0,0,1,5.00409,5.00409,5.00409,0.000604306,158.86
119.38,28.58,186,1648,18.11,4.31,1.26,1.68,0,1,0,1,0,0,0,5.84109468,1.917702,3.0683232,0,188.01
106.79,22.34,135,1265.7,22.83,3.87,1.31,1.03,0,1,0,1,0,0,0,#VALUE!,#VALUE!,#VALUE!,#VALUE!,NaN
119.38,28.58,186,1816.5,17.97,4.31,1.26,1.68,0,1,0,1,0,0,0,2.98439208,0.979812,1.5676992,0,192.12
113.34,28.55,75,1993.6,16.71,4.8,0.88,0.84,0,1,0,0,1,0,0,#VALUE!,#VALUE!,#VALUE!,#VALUE!,NaN
119.17,28.98,65,1602.3,18.26,4.67,2.89,4.89,0,1,0,0,0,0,0,#VALUE!,#VALUE!,#VALUE!,#VALUE!,NaN
119.36,28.56,372,1484,17.71,4.31,1.26,1.68,0,1,0,1,0,0,0,8.6027292,2.82438,4.519008,0,276.9
119.17,35.3,125,857.1,12.6,5.38,1.01,1.05,0,1,0,1,0,0,0,7.167,2.1501,5.0169,0,238.9
119.95,27.37,91,1560.6,18.98,4.85,0.3,0.37,1,0,0,1,0,0,0,0.585,0.78,0.78,0,52
119.6,27.17,110,1700,17.9,4.25,1.07,1.95,1,0,0,1,0,0,0,2.40889803,2.40889803,2.40889803,0,351.51
113.34,28.55,75,1993.6,16.71,4.8,0.88,0.84,0,1,0,0,0,0,1,#VALUE!,#VALUE!,#VALUE!,#VALUE!,NaN
120.68,29.93,74,1461,16.4,5.5,1.7,2.75,0,1,0,1,0,0,0,7.07968,1.76992,2.2124,0,221.24
117.88,25.3,435,1577.2,20.85,4.1,1.53,1.98,0,1,0,0,1,0,0,0,0,0,0.002500982,152.74
120.68,29.93,74,1461,16.4,5.5,1.7,2.75,0,1,0,0,0,0,0,0,0,0,0,154.69
100.34,22.18,1100,1341,18.5,4.11,2.39,5.51,1,0,0,1,0,0,0,9.565,3.188971,3.188971,0,191.3
113.36,23.16,25,1956.1,22.61,6.3,1.13,1.05,0,1,0,1,0,0,0,20.5713,0,0,0,457.14
114.92,31.95,72,862.65,16.41,5.2,1.84,1.88,0,1,0,1,0,0,0,5.380704,0,0,0,357
117.88,25.3,435,1577.2,20.85,4.1,1.53,1.98,0,1,0,0,0,0,1,3.3889152,3.3889152,3.3889152,0.001159167,160.46
103.5,29.67,450,1555.3,18.2,4.46,1.01,1.43,0,1,0,1,0,0,0,5.26152,2.63076,3.94614,0,219.23
108.16,28.02,970,1336.5,16.24,4.79,0.98,1.49,1,0,0,0,0,1,0,21.56412,3.0372,4.5558,0,632.75
113.33,28.46,55,1596.77,18.15,4.72,1.05,1.24,0,1,0,1,0,0,0,1.45783638,0.48594546,0.56693637,0,124.41
113.08,28.25,450,1389,16.5,4.8,0.88,0.84,0,1,0,0,0,0,0,0,0,0,0,152.18
119.6,27.17,110,1700,17.9,4.25,1.07,1.95,1,0,0,0,0,1,0,2.08386812,2.08386812,2.95217524,0,344.84
119.17,35.3,125,857.1,12.6,5.41,1.12,1.25,0,1,0,0,0,0,0,0,0,0,0,147.65
119.17,35.3,125,860.1,15.6,5.41,1.12,1.25,0,1,0,0,0,1,0,6.8241,2.04723,4.77687,0,227.47
118.55,25.62,600,1800,18,3.38,3.69,5.92,0,1,0,0,1,0,0,0,0,0,0.004179874,287.09
103.5,29.67,450,1555.3,18.2,4.46,1.01,1.43,0,1,0,1,0,0,0,3.18456,1.59228,0,0,132.69
118.3,29.653,178,1477,16.4,5.29,1.72,0.87,1,0,0,0,0,0,1,#VALUE!,#VALUE!,#VALUE!,#VALUE!,NaN
106.79,22.33,332,1509.8,17.27,3.87,1.31,1.03,0,1,0,1,0,0,0,4.149225,0.608553,1.65969,0,245.88
80.64,8.49,125,2374,26,4.8,0.6,1.46,0,0,1,1,0,0,0,15.2324172,2.0002164,6.7699632,0,563.6
118.75,26.82,764,1650,19,3.84,0.98,3.14,0,1,0,1,0,0,0,20.79,8.316,12.474,0,594
113.08,28.25,450,1389,16.5,4.8,0.88,0.84,0,1,0,0,0,0,1,20.5911,2.69720531,2.38216148,0,228.79
106.79,22.33,332,1509.8,17.27,3.87,1.31,1.03,0,1,0,1,0,0,0,3.30885,0,0,0,196.08
119.38,28.58,186,1816.5,17.97,4.31,1.26,1.68,0,1,0,1,0,0,0,3.68823762,1.210893,1.9374288,0,237.43
113.78,23.16,0,1580.2,22.48,5.7,0.45,0.68,1,0,0,1,0,0,0,0,3.282975,0,0,437.73
120.68,29.93,74,1461,16.4,5.5,1.7,2.75,0,1,0,0,0,0,0,0,0,0,0,134.16
119.38,26.68,543,1540,19.3,5.64,0.63,0.92,0,1,0,0,1,0,0,0,0,0,0.003111948,366.33
113.78,23.16,0,1580.2,22.48,5.7,0.45,0.68,1,0,0,1,0,0,0,29.12715,4.854525,0,0,647.27
113.78,23.16,0,1580.2,22.48,5.7,0.45,0.68,1,0,0,1,0,0,0,14.5779,3.644475,3.644475,0,485.93
119.37,28.57,195,1484,17.84,4.31,12.6,1.68,0,1,0,1,0,0,0,1.4050503,0.461295,0.738072,0,90.45
119.38,28.58,186,1816.5,17.97,4.31,1.26,1.68,0,1,0,1,0,0,0,3.76497558,1.236087,1.9777392,0,242.37
100.98,22.8,1302,1868.6,19.01,5.9,1.02,0.37,1,0,0,1,0,0,0,18.05976,7.5249,6.01992,0,501.66
113.78,23.16,0,1580.2,22.48,5.7,0.45,0.68,1,0,0,1,0,0,0,0,6.33795,3.168975,0,422.53
119.17,35.3,125,857.1,12.6,5.38,1.01,1.05,0,1,0,1,0,0,0,7.1268,2.13804,4.98876,0,237.56
119.45,31.28,152,1565.9,16.37,5.29,1.72,0.87,0,1,0,0,0,0,1,1.464318,1.018656,0,0.008481764,141.48
119.36,28.56,372,870.55,17.84,4.31,1.26,1.68,0,1,0,1,0,0,0,4.31907336,1.418004,2.2688064,0,139.02
100.45,21.958,1500,1563.2,21.89,5.2,1.4,1.2,1,0,0,0,0,0,1,2.4127536,0.623988,0,0.001730803,173.33
100.98,22.787,1320,1514,17.7,5.04,1.04,2,1,0,0,1,0,0,0,19.8313245,8.489664,6.63255,0,442.17
119.38,26.68,543,1540,19.3,5.64,0.63,0.92,0,1,0,0,0,0,1,3.6192,1.1832,0.9744,0.001637931,348
118,25.01,230,1800,17,3.91,1.39,1.05,0,1,0,0,0,0,1,8.63694936,3.70161936,6.44346936,0.000107706,243.72
120.52,29.74,484,1354.4,17.65,3.66,2.72,2.35,0,1,0,0,0,0,0,0,0,0,0,327.59
119.83,35.82,1139,697.3,14.28,6.3,3.05,1.72,0,1,0,0,0,0,1,163.8681,40.8051,60.2361,4.63177E-06,215.9
120.52,29.74,484,1466.2,17.83,3.66,2.72,2.35,0,1,0,1,0,0,0,25.3575,4.22625,5.0715,0,563.5
113.34,28.55,75,1993.6,16.71,4.8,0.88,0.84,0,1,0,1,0,0,0,#VALUE!,#VALUE!,#VALUE!,#VALUE!,NaN
119.37,28.57,195,1484,17.84,4.31,12.6,1.68,0,1,0,1,0,0,0,5.84109468,1.917702,3.0683232,0,188.01
119.36,28.56,372,870.55,17.84,4.31,1.26,1.68,0,1,0,1,0,0,0,3.06547956,1.006434,1.6102944,0,98.67
121.59,29.67,70,1697.8,17.9,4.1,1.67,4.56,0,1,0,0,0,0,1,5.553,1.851,1.851,0.000405186,123.4
116,28.37,39,1630.9,19.2,3.88,1.33,2.27,0,1,0,1,0,0,0,4.7766,1.0317456,1.7386824,0,318.44
113.34,28.55,75,1993.6,16.71,4.8,0.88,0.84,0,1,0,0,0,0,1,#VALUE!,#VALUE!,#VALUE!,#VALUE!,NaN
119.95,28.44,74,1824.8,18.3,4.16,0.5,1.15,0,1,0,1,0,0,0,4.806576,2.90052,2.90052,0,92.08
120.68,29.93,74,1461,16.4,5.5,1.7,2.75,0,1,0,1,0,0,0,7.71392,0,2.4106,0,241.06
106.79,22.34,135,1265.7,22.83,3.87,1.31,1.03,0,1,0,1,0,0,0,#VALUE!,#VALUE!,#VALUE!,#VALUE!,NaN
119.36,28.56,372,1484,17.71,4.31,1.26,1.68,0,1,0,1,0,0,0,3.32132454,1.090431,1.7446896,0,213.81
118.43,26.63,701,1660,19.3,4.53,0.57,1.37,0,1,0,0,1,0,0,0,0,0,0.002407468,160.29
113.34,28.55,75,1993.6,16.71,4.8,0.88,0.84,0,1,0,1,0,0,0,#VALUE!,#VALUE!,#VALUE!,#VALUE!,NaN
116.78,23.81,245,1475.9,21.4,4.31,1.14,1.98,0,1,0,0,0,0,0,0,0,0,0,186
118,25.01,230,1800,17,3.91,1.39,1.05,0,1,0,0,0,0,1,9.77167412,4.18793912,7.29001412,9.51984E-05,275.74
116,28.37,39,1721.95,18.81,3.88,1.33,2.27,0,1,0,1,0,0,0,16.466625,3.556791,5.9938515,0,439.11
113.33,28.58,105,1330,17.5,6.3,1.13,1.32,1,0,0,0,0,1,0,7.776,0,0,0,345.6
100.98,22.787,1320,1514,17.7,5.04,1.04,2,1,0,0,0,0,0,0,0,0,0,0,46.27
119.83,35.82,1139,697.3,14.28,6.3,3.05,1.72,0,1,0,0,0,0,1,238.231125,59.322375,87.571125,7.96495E-06,251.1
119.41,35.45,35,924.9,17,5,1.2,2.02,0,1,0,1,0,0,0,0.81465,0,0,0,108.62
113.78,23.16,0,1580.2,22.48,5.7,0.45,0.68,1,0,0,1,0,0,0,13.2999,3.324975,0,0,443.33
119.95,28.44,74,1824.8,18.3,4.16,0.5,1.15,0,1,0,0,0,0,1,6.03954,3.64455,3.64455,0.003241141,115.7
117.88,25.3,435,1577.2,20.85,4.1,1.53,1.98,0,1,0,0,0,0,1,1.6584984,1.6584984,1.6584984,0.001812917,158.86
113.37,23.16,34,1475.7,22.8,5.12,1.21,1.34,0,1,0,1,0,0,0,4.37346,3.64455,1.45782,0,323.96
119.37,28.57,195,1484,17.71,4.31,12.6,1.68,0,1,0,1,0,0,0,7.78812624,2.556936,4.0910976,0,250.68
119.42,35.62,77.8,765.8,13.1,5.11,1.26,1.01,0,1,0,0,0,0,1,4.975775,1.4927325,3.4830425,0.000703408,284.33
117.92,27.65,235,2057.3,18.28,4.52,1.05,2.27,0,1,0,1,0,0,0,#VALUE!,#VALUE!,#VALUE!,#VALUE!,NaN
118,25.01,230,1800,17,3.91,1.39,1.05,0,1,0,0,0,0,1,12.3508424,4.6103174,8.0252549,8.64767E-05,303.55
119.57,27.21,62,1699.5,17.16,4.85,0.3,0.37,0,1,0,1,0,0,0,0,2.2095,4.419,0,147.3
119.37,28.57,195,1484,17.84,4.31,12.6,1.68,0,1,0,1,0,0,0,2.01507048,0.661572,1.0585152,0,129.72
118,25.01,230,1800,17,3.91,1.39,1.05,0,1,0,0,0,0,1,10.40424,2.78685,5.5737,0.000211933,247.72
118.43,26.63,701,1660,19.3,4.53,0.57,1.37,0,1,0,0,1,0,0,0,0,0,0.002366135,163.09
120.68,29.93,74,1461,16.4,5.5,1.7,2.75,0,1,0,1,0,0,0,8.2352,2.0588,2.5735,0,257.35
118,25.01,230,1800,17,3.91,1.39,1.05,0,1,0,1,0,0,0,12.3459,3.3069375,6.613875,0,293.95
